eu_sdg,dimension,dimension_label,unit,unit_label,geo,geo_label,time,obs_value,obs_status
15_42,KM2,Drought impact area,KM2,Square kilometre,EU27_2020,European Union - 27 countries (from 2020),2000,182232.2,
15_42,KM2,Drought impact area,KM2,Square kilometre,EU27_2020,European Union - 27 countries (from 2020),2001,97656.19,
15_42,KM2,Drought impact area,KM2,Square kilometre,EU27_2020,European Union - 27 countries (from 2020),2002,109239.37,
15_42,KM2,Drought impact area,KM2,Square kilometre,EU27_2020,European Union - 27 countries (from 2020),2003,387792.61,
15_42,KM2,Drought impact area,KM2,Square kilometre,EU27_2020,European Union - 27 countries (from 2020),2004,17931.02,
15_42,KM2,Drought impact area,KM2,Square kilometre,EU27_2020,European Union - 27 countries (from 2020),2005,225925.06,
15_42,KM2,Drought impact area,KM2,Square kilometre,EU27_2020,European Union - 27 countries (from 2020),2006,127152.24,
15_42,KM2,Drought impact area,KM2,Square kilometre,EU27_2020,European Union - 27 countries (from 2020),2007,71243.73,
15_42,KM2,Drought impact area,KM2,Square kilometre,EU27_2020,European Union - 27 countries (from 2020),2008,35693.45,
15_42,KM2,Drought impact area,KM2,Square kilometre,EU27_2020,European Union - 27 countries (from 2020),2009,69972.13,
15_42,KM2,Drought impact area,KM2,Square kilometre,EU27_2020,European Union - 27 countries (from 2020),2010,21421.84,
15_42,KM2,Drought impact area,KM2,Square kilometre,EU27_2020,European Union - 27 countries (from 2020),2011,102608.03,
15_42,KM2,Drought impact area,KM2,Square kilometre,EU27_2020,European Union - 27 countries (from 2020),2012,376274.6,
15_42,KM2,Drought impact area,KM2,Square kilometre,EU27_2020,European Union - 27 countries (from 2020),2013,7234.53,
15_42,KM2,Drought impact area,KM2,Square kilometre,EU27_2020,European Union - 27 countries (from 2020),2014,32601.46,
15_42,KM2,Drought impact area,KM2,Square kilometre,EU27_2020,European Union - 27 countries (from 2020),2015,102688.18,
15_42,KM2,Drought impact area,KM2,Square kilometre,EU27_2020,European Union - 27 countries (from 2020),2016,64886.96,
15_42,KM2,Drought impact area,KM2,Square kilometre,EU27_2020,European Union - 27 countries (from 2020),2017,155868.74,
15_42,KM2,Drought impact area,KM2,Square kilometre,EU27_2020,European Union - 27 countries (from 2020),2018,272066.91,
15_42,KM2,Drought impact area,KM2,Square kilometre,EU27_2020,European Union - 27 countries (from 2020),2019,304706.1,
15_42,KM2,Drought impact area,KM2,Square kilometre,EU27_2020,European Union - 27 countries (from 2020),2020,200526.06,
15_42,KM2,Drought impact area,KM2,Square kilometre,EU27_2020,European Union - 27 countries (from 2020),2021,110909.94,
15_42,KM2,Drought impact area,KM2,Square kilometre,EU27_2020,European Union - 27 countries (from 2020),2022,648748.59,
15_42,KM2,Drought impact area,KM2,Square kilometre,EU27_2020,European Union - 27 countries (from 2020),2023,143500.26,
15_42,KM2,Drought impact area,KM2,Square kilometre,BE,Belgium,2000,0,
15_42,KM2,Drought impact area,KM2,Square kilometre,BE,Belgium,2001,0,
15_42,KM2,Drought impact area,KM2,Square kilometre,BE,Belgium,2002,0,
15_42,KM2,Drought impact area,KM2,Square kilometre,BE,Belgium,2003,199,
15_42,KM2,Drought impact area,KM2,Square kilometre,BE,Belgium,2004,0,
15_42,KM2,Drought impact area,KM2,Square kilometre,BE,Belgium,2005,0,
15_42,KM2,Drought impact area,KM2,Square kilometre,BE,Belgium,2006,0,
15_42,KM2,Drought impact area,KM2,Square kilometre,BE,Belgium,2007,0,
15_42,KM2,Drought impact area,KM2,Square kilometre,BE,Belgium,2008,0,
15_42,KM2,Drought impact area,KM2,Square kilometre,BE,Belgium,2009,0,
15_42,KM2,Drought impact area,KM2,Square kilometre,BE,Belgium,2010,3,
15_42,KM2,Drought impact area,KM2,Square kilometre,BE,Belgium,2011,2263,
15_42,KM2,Drought impact area,KM2,Square kilometre,BE,Belgium,2012,0,
15_42,KM2,Drought impact area,KM2,Square kilometre,BE,Belgium,2013,79,
15_42,KM2,Drought impact area,KM2,Square kilometre,BE,Belgium,2014,3,
15_42,KM2,Drought impact area,KM2,Square kilometre,BE,Belgium,2015,0,
15_42,KM2,Drought impact area,KM2,Square kilometre,BE,Belgium,2016,0,
15_42,KM2,Drought impact area,KM2,Square kilometre,BE,Belgium,2017,2574,
15_42,KM2,Drought impact area,KM2,Square kilometre,BE,Belgium,2018,3530,
15_42,KM2,Drought impact area,KM2,Square kilometre,BE,Belgium,2019,1427,
15_42,KM2,Drought impact area,KM2,Square kilometre,BE,Belgium,2020,11740,
15_42,KM2,Drought impact area,KM2,Square kilometre,BE,Belgium,2021,2,
15_42,KM2,Drought impact area,KM2,Square kilometre,BE,Belgium,2022,17350,
15_42,KM2,Drought impact area,KM2,Square kilometre,BE,Belgium,2023,0,
15_42,KM2,Drought impact area,KM2,Square kilometre,BG,Bulgaria,2000,56150,
15_42,KM2,Drought impact area,KM2,Square kilometre,BG,Bulgaria,2001,48896,
15_42,KM2,Drought impact area,KM2,Square kilometre,BG,Bulgaria,2002,9231,
15_42,KM2,Drought impact area,KM2,Square kilometre,BG,Bulgaria,2003,13737,
15_42,KM2,Drought impact area,KM2,Square kilometre,BG,Bulgaria,2004,280,
15_42,KM2,Drought impact area,KM2,Square kilometre,BG,Bulgaria,2005,0,
15_42,KM2,Drought impact area,KM2,Square kilometre,BG,Bulgaria,2006,0,
15_42,KM2,Drought impact area,KM2,Square kilometre,BG,Bulgaria,2007,10138,
15_42,KM2,Drought impact area,KM2,Square kilometre,BG,Bulgaria,2008,383,
15_42,KM2,Drought impact area,KM2,Square kilometre,BG,Bulgaria,2009,2406,
15_42,KM2,Drought impact area,KM2,Square kilometre,BG,Bulgaria,2010,1,
15_42,KM2,Drought impact area,KM2,Square kilometre,BG,Bulgaria,2011,253,
15_42,KM2,Drought impact area,KM2,Square kilometre,BG,Bulgaria,2012,1844,
15_42,KM2,Drought impact area,KM2,Square kilometre,BG,Bulgaria,2013,164,
15_42,KM2,Drought impact area,KM2,Square kilometre,BG,Bulgaria,2014,2,
15_42,KM2,Drought impact area,KM2,Square kilometre,BG,Bulgaria,2015,7,
15_42,KM2,Drought impact area,KM2,Square kilometre,BG,Bulgaria,2016,9,
15_42,KM2,Drought impact area,KM2,Square kilometre,BG,Bulgaria,2017,3309,
15_42,KM2,Drought impact area,KM2,Square kilometre,BG,Bulgaria,2018,20,
15_42,KM2,Drought impact area,KM2,Square kilometre,BG,Bulgaria,2019,141,
15_42,KM2,Drought impact area,KM2,Square kilometre,BG,Bulgaria,2020,10265,
15_42,KM2,Drought impact area,KM2,Square kilometre,BG,Bulgaria,2021,886,
15_42,KM2,Drought impact area,KM2,Square kilometre,BG,Bulgaria,2022,3919,
15_42,KM2,Drought impact area,KM2,Square kilometre,BG,Bulgaria,2023,2741,
15_42,KM2,Drought impact area,KM2,Square kilometre,CZ,Czechia,2000,7910,
15_42,KM2,Drought impact area,KM2,Square kilometre,CZ,Czechia,2001,2080,
15_42,KM2,Drought impact area,KM2,Square kilometre,CZ,Czechia,2002,2400,
15_42,KM2,Drought impact area,KM2,Square kilometre,CZ,Czechia,2003,17145,
15_42,KM2,Drought impact area,KM2,Square kilometre,CZ,Czechia,2004,2265,
15_42,KM2,Drought impact area,KM2,Square kilometre,CZ,Czechia,2005,9,
15_42,KM2,Drought impact area,KM2,Square kilometre,CZ,Czechia,2006,35,
15_42,KM2,Drought impact area,KM2,Square kilometre,CZ,Czechia,2007,3575,
15_42,KM2,Drought impact area,KM2,Square kilometre,CZ,Czechia,2008,7,
15_42,KM2,Drought impact area,KM2,Square kilometre,CZ,Czechia,2009,5,
15_42,KM2,Drought impact area,KM2,Square kilometre,CZ,Czechia,2010,2,
15_42,KM2,Drought impact area,KM2,Square kilometre,CZ,Czechia,2011,28,
15_42,KM2,Drought impact area,KM2,Square kilometre,CZ,Czechia,2012,4356,
15_42,KM2,Drought impact area,KM2,Square kilometre,CZ,Czechia,2013,0,
15_42,KM2,Drought impact area,KM2,Square kilometre,CZ,Czechia,2014,168,
15_42,KM2,Drought impact area,KM2,Square kilometre,CZ,Czechia,2015,4806,
15_42,KM2,Drought impact area,KM2,Square kilometre,CZ,Czechia,2016,15,
15_42,KM2,Drought impact area,KM2,Square kilometre,CZ,Czechia,2017,3893,
15_42,KM2,Drought impact area,KM2,Square kilometre,CZ,Czechia,2018,20717,
15_42,KM2,Drought impact area,KM2,Square kilometre,CZ,Czechia,2019,7975,
15_42,KM2,Drought impact area,KM2,Square kilometre,CZ,Czechia,2020,1366,
15_42,KM2,Drought impact area,KM2,Square kilometre,CZ,Czechia,2021,24,
15_42,KM2,Drought impact area,KM2,Square kilometre,CZ,Czechia,2022,4587,
15_42,KM2,Drought impact area,KM2,Square kilometre,CZ,Czechia,2023,212,
15_42,KM2,Drought impact area,KM2,Square kilometre,DK,Denmark,2000,104,
15_42,KM2,Drought impact area,KM2,Square kilometre,DK,Denmark,2001,3,
15_42,KM2,Drought impact area,KM2,Square kilometre,DK,Denmark,2002,0,
15_42,KM2,Drought impact area,KM2,Square kilometre,DK,Denmark,2003,164,
15_42,KM2,Drought impact area,KM2,Square kilometre,DK,Denmark,2004,291,
15_42,KM2,Drought impact area,KM2,Square kilometre,DK,Denmark,2005,185,
15_42,KM2,Drought impact area,KM2,Square kilometre,DK,Denmark,2006,156,
15_42,KM2,Drought impact area,KM2,Square kilometre,DK,Denmark,2007,0,
15_42,KM2,Drought impact area,KM2,Square kilometre,DK,Denmark,2008,577,
15_42,KM2,Drought impact area,KM2,Square kilometre,DK,Denmark,2009,615,
15_42,KM2,Drought impact area,KM2,Square kilometre,DK,Denmark,2010,11,
15_42,KM2,Drought impact area,KM2,Square kilometre,DK,Denmark,2011,85,
15_42,KM2,Drought impact area,KM2,Square kilometre,DK,Denmark,2012,28,
15_42,KM2,Drought impact area,KM2,Square kilometre,DK,Denmark,2013,621,
15_42,KM2,Drought impact area,KM2,Square kilometre,DK,Denmark,2014,42,
15_42,KM2,Drought impact area,KM2,Square kilometre,DK,Denmark,2015,0,
15_42,KM2,Drought impact area,KM2,Square kilometre,DK,Denmark,2016,8,
15_42,KM2,Drought impact area,KM2,Square kilometre,DK,Denmark,2017,4,
15_42,KM2,Drought impact area,KM2,Square kilometre,DK,Denmark,2018,19698,
15_42,KM2,Drought impact area,KM2,Square kilometre,DK,Denmark,2019,1347,
15_42,KM2,Drought impact area,KM2,Square kilometre,DK,Denmark,2020,337,
15_42,KM2,Drought impact area,KM2,Square kilometre,DK,Denmark,2021,513,
15_42,KM2,Drought impact area,KM2,Square kilometre,DK,Denmark,2022,3657,
15_42,KM2,Drought impact area,KM2,Square kilometre,DK,Denmark,2023,733,
15_42,KM2,Drought impact area,KM2,Square kilometre,DE,Germany,2000,156,
15_42,KM2,Drought impact area,KM2,Square kilometre,DE,Germany,2001,41,
15_42,KM2,Drought impact area,KM2,Square kilometre,DE,Germany,2002,0,
15_42,KM2,Drought impact area,KM2,Square kilometre,DE,Germany,2003,48367,
15_42,KM2,Drought impact area,KM2,Square kilometre,DE,Germany,2004,1820,
15_42,KM2,Drought impact area,KM2,Square kilometre,DE,Germany,2005,33,
15_42,KM2,Drought impact area,KM2,Square kilometre,DE,Germany,2006,125,
15_42,KM2,Drought impact area,KM2,Square kilometre,DE,Germany,2007,137,
15_42,KM2,Drought impact area,KM2,Square kilometre,DE,Germany,2008,6,
15_42,KM2,Drought impact area,KM2,Square kilometre,DE,Germany,2009,236,
15_42,KM2,Drought impact area,KM2,Square kilometre,DE,Germany,2010,4,
15_42,KM2,Drought impact area,KM2,Square kilometre,DE,Germany,2011,10347,
15_42,KM2,Drought impact area,KM2,Square kilometre,DE,Germany,2012,1384,
15_42,KM2,Drought impact area,KM2,Square kilometre,DE,Germany,2013,6,
15_42,KM2,Drought impact area,KM2,Square kilometre,DE,Germany,2014,795,
15_42,KM2,Drought impact area,KM2,Square kilometre,DE,Germany,2015,5454,
15_42,KM2,Drought impact area,KM2,Square kilometre,DE,Germany,2016,325,
15_42,KM2,Drought impact area,KM2,Square kilometre,DE,Germany,2017,1774,
15_42,KM2,Drought impact area,KM2,Square kilometre,DE,Germany,2018,70421,
15_42,KM2,Drought impact area,KM2,Square kilometre,DE,Germany,2019,62550,
15_42,KM2,Drought impact area,KM2,Square kilometre,DE,Germany,2020,54655,
15_42,KM2,Drought impact area,KM2,Square kilometre,DE,Germany,2021,345,
15_42,KM2,Drought impact area,KM2,Square kilometre,DE,Germany,2022,64136,
15_42,KM2,Drought impact area,KM2,Square kilometre,DE,Germany,2023,813,
15_42,KM2,Drought impact area,KM2,Square kilometre,EE,Estonia,2000,103,
15_42,KM2,Drought impact area,KM2,Square kilometre,EE,Estonia,2001,0,
15_42,KM2,Drought impact area,KM2,Square kilometre,EE,Estonia,2002,4220,
15_42,KM2,Drought impact area,KM2,Square kilometre,EE,Estonia,2003,1221,
15_42,KM2,Drought impact area,KM2,Square kilometre,EE,Estonia,2004,0,
15_42,KM2,Drought impact area,KM2,Square kilometre,EE,Estonia,2005,0,
15_42,KM2,Drought impact area,KM2,Square kilometre,EE,Estonia,2006,31571,
15_42,KM2,Drought impact area,KM2,Square kilometre,EE,Estonia,2007,0,
15_42,KM2,Drought impact area,KM2,Square kilometre,EE,Estonia,2008,0,
15_42,KM2,Drought impact area,KM2,Square kilometre,EE,Estonia,2009,0,
15_42,KM2,Drought impact area,KM2,Square kilometre,EE,Estonia,2010,0,
15_42,KM2,Drought impact area,KM2,Square kilometre,EE,Estonia,2011,0,
15_42,KM2,Drought impact area,KM2,Square kilometre,EE,Estonia,2012,0,
15_42,KM2,Drought impact area,KM2,Square kilometre,EE,Estonia,2013,4,
15_42,KM2,Drought impact area,KM2,Square kilometre,EE,Estonia,2014,1,
15_42,KM2,Drought impact area,KM2,Square kilometre,EE,Estonia,2015,153,
15_42,KM2,Drought impact area,KM2,Square kilometre,EE,Estonia,2016,143,
15_42,KM2,Drought impact area,KM2,Square kilometre,EE,Estonia,2017,165,
15_42,KM2,Drought impact area,KM2,Square kilometre,EE,Estonia,2018,13593,
15_42,KM2,Drought impact area,KM2,Square kilometre,EE,Estonia,2019,3388,
15_42,KM2,Drought impact area,KM2,Square kilometre,EE,Estonia,2020,0,
15_42,KM2,Drought impact area,KM2,Square kilometre,EE,Estonia,2021,3919,
15_42,KM2,Drought impact area,KM2,Square kilometre,EE,Estonia,2022,2044,
15_42,KM2,Drought impact area,KM2,Square kilometre,EE,Estonia,2023,6721,
15_42,KM2,Drought impact area,KM2,Square kilometre,IE,Ireland,2000,0,
15_42,KM2,Drought impact area,KM2,Square kilometre,IE,Ireland,2001,1,
15_42,KM2,Drought impact area,KM2,Square kilometre,IE,Ireland,2002,1,
15_42,KM2,Drought impact area,KM2,Square kilometre,IE,Ireland,2003,1123,
15_42,KM2,Drought impact area,KM2,Square kilometre,IE,Ireland,2004,9,
15_42,KM2,Drought impact area,KM2,Square kilometre,IE,Ireland,2005,1,
15_42,KM2,Drought impact area,KM2,Square kilometre,IE,Ireland,2006,188,
15_42,KM2,Drought impact area,KM2,Square kilometre,IE,Ireland,2007,0,
15_42,KM2,Drought impact area,KM2,Square kilometre,IE,Ireland,2008,0,
15_42,KM2,Drought impact area,KM2,Square kilometre,IE,Ireland,2009,2,
15_42,KM2,Drought impact area,KM2,Square kilometre,IE,Ireland,2010,3,
15_42,KM2,Drought impact area,KM2,Square kilometre,IE,Ireland,2011,1,
15_42,KM2,Drought impact area,KM2,Square kilometre,IE,Ireland,2012,1,
15_42,KM2,Drought impact area,KM2,Square kilometre,IE,Ireland,2013,660,
15_42,KM2,Drought impact area,KM2,Square kilometre,IE,Ireland,2014,186,
15_42,KM2,Drought impact area,KM2,Square kilometre,IE,Ireland,2015,0,
15_42,KM2,Drought impact area,KM2,Square kilometre,IE,Ireland,2016,0,
15_42,KM2,Drought impact area,KM2,Square kilometre,IE,Ireland,2017,23,
15_42,KM2,Drought impact area,KM2,Square kilometre,IE,Ireland,2018,987,
15_42,KM2,Drought impact area,KM2,Square kilometre,IE,Ireland,2019,23,
15_42,KM2,Drought impact area,KM2,Square kilometre,IE,Ireland,2020,37,
15_42,KM2,Drought impact area,KM2,Square kilometre,IE,Ireland,2021,241,
15_42,KM2,Drought impact area,KM2,Square kilometre,IE,Ireland,2022,4956,
15_42,KM2,Drought impact area,KM2,Square kilometre,IE,Ireland,2023,0,
15_42,KM2,Drought impact area,KM2,Square kilometre,EL,Greece,2000,30841,
15_42,KM2,Drought impact area,KM2,Square kilometre,EL,Greece,2001,15422,
15_42,KM2,Drought impact area,KM2,Square kilometre,EL,Greece,2002,478,
15_42,KM2,Drought impact area,KM2,Square kilometre,EL,Greece,2003,67,
15_42,KM2,Drought impact area,KM2,Square kilometre,EL,Greece,2004,13,
15_42,KM2,Drought impact area,KM2,Square kilometre,EL,Greece,2005,22,
15_42,KM2,Drought impact area,KM2,Square kilometre,EL,Greece,2006,0,
15_42,KM2,Drought impact area,KM2,Square kilometre,EL,Greece,2007,13043,
15_42,KM2,Drought impact area,KM2,Square kilometre,EL,Greece,2008,6888,
15_42,KM2,Drought impact area,KM2,Square kilometre,EL,Greece,2009,165,
15_42,KM2,Drought impact area,KM2,Square kilometre,EL,Greece,2010,1033,
15_42,KM2,Drought impact area,KM2,Square kilometre,EL,Greece,2011,99,
15_42,KM2,Drought impact area,KM2,Square kilometre,EL,Greece,2012,5572,
15_42,KM2,Drought impact area,KM2,Square kilometre,EL,Greece,2013,616,
15_42,KM2,Drought impact area,KM2,Square kilometre,EL,Greece,2014,201,
15_42,KM2,Drought impact area,KM2,Square kilometre,EL,Greece,2015,14,
15_42,KM2,Drought impact area,KM2,Square kilometre,EL,Greece,2016,9335,
15_42,KM2,Drought impact area,KM2,Square kilometre,EL,Greece,2017,5639,
15_42,KM2,Drought impact area,KM2,Square kilometre,EL,Greece,2018,3407,
15_42,KM2,Drought impact area,KM2,Square kilometre,EL,Greece,2019,702,
15_42,KM2,Drought impact area,KM2,Square kilometre,EL,Greece,2020,1670,
15_42,KM2,Drought impact area,KM2,Square kilometre,EL,Greece,2021,8630,
15_42,KM2,Drought impact area,KM2,Square kilometre,EL,Greece,2022,7294,
15_42,KM2,Drought impact area,KM2,Square kilometre,EL,Greece,2023,1987,
15_42,KM2,Drought impact area,KM2,Square kilometre,ES,Spain,2000,17631,
15_42,KM2,Drought impact area,KM2,Square kilometre,ES,Spain,2001,6874,
15_42,KM2,Drought impact area,KM2,Square kilometre,ES,Spain,2002,12161,
15_42,KM2,Drought impact area,KM2,Square kilometre,ES,Spain,2003,5970,
15_42,KM2,Drought impact area,KM2,Square kilometre,ES,Spain,2004,19,
15_42,KM2,Drought impact area,KM2,Square kilometre,ES,Spain,2005,150095,
15_42,KM2,Drought impact area,KM2,Square kilometre,ES,Spain,2006,8673,
15_42,KM2,Drought impact area,KM2,Square kilometre,ES,Spain,2007,851,
15_42,KM2,Drought impact area,KM2,Square kilometre,ES,Spain,2008,4660,
15_42,KM2,Drought impact area,KM2,Square kilometre,ES,Spain,2009,38108,
15_42,KM2,Drought impact area,KM2,Square kilometre,ES,Spain,2010,779,
15_42,KM2,Drought impact area,KM2,Square kilometre,ES,Spain,2011,8221,
15_42,KM2,Drought impact area,KM2,Square kilometre,ES,Spain,2012,156589,
15_42,KM2,Drought impact area,KM2,Square kilometre,ES,Spain,2013,113,
15_42,KM2,Drought impact area,KM2,Square kilometre,ES,Spain,2014,16744,
15_42,KM2,Drought impact area,KM2,Square kilometre,ES,Spain,2015,9365,
15_42,KM2,Drought impact area,KM2,Square kilometre,ES,Spain,2016,22788,
15_42,KM2,Drought impact area,KM2,Square kilometre,ES,Spain,2017,27812,
15_42,KM2,Drought impact area,KM2,Square kilometre,ES,Spain,2018,1801,
15_42,KM2,Drought impact area,KM2,Square kilometre,ES,Spain,2019,29704,
15_42,KM2,Drought impact area,KM2,Square kilometre,ES,Spain,2020,134,
15_42,KM2,Drought impact area,KM2,Square kilometre,ES,Spain,2021,3725,
15_42,KM2,Drought impact area,KM2,Square kilometre,ES,Spain,2022,56776,
15_42,KM2,Drought impact area,KM2,Square kilometre,ES,Spain,2023,34266,
15_42,KM2,Drought impact area,KM2,Square kilometre,FR,France,2000,69,
15_42,KM2,Drought impact area,KM2,Square kilometre,FR,France,2001,275,
15_42,KM2,Drought impact area,KM2,Square kilometre,FR,France,2002,3420,
15_42,KM2,Drought impact area,KM2,Square kilometre,FR,France,2003,93871,
15_42,KM2,Drought impact area,KM2,Square kilometre,FR,France,2004,1938,
15_42,KM2,Drought impact area,KM2,Square kilometre,FR,France,2005,14731,
15_42,KM2,Drought impact area,KM2,Square kilometre,FR,France,2006,1183,
15_42,KM2,Drought impact area,KM2,Square kilometre,FR,France,2007,1529,
15_42,KM2,Drought impact area,KM2,Square kilometre,FR,France,2008,2939,
15_42,KM2,Drought impact area,KM2,Square kilometre,FR,France,2009,1280,
15_42,KM2,Drought impact area,KM2,Square kilometre,FR,France,2010,6047,
15_42,KM2,Drought impact area,KM2,Square kilometre,FR,France,2011,62740,
15_42,KM2,Drought impact area,KM2,Square kilometre,FR,France,2012,9885,
15_42,KM2,Drought impact area,KM2,Square kilometre,FR,France,2013,0,
15_42,KM2,Drought impact area,KM2,Square kilometre,FR,France,2014,564,
15_42,KM2,Drought impact area,KM2,Square kilometre,FR,France,2015,346,
15_42,KM2,Drought impact area,KM2,Square kilometre,FR,France,2016,2212,
15_42,KM2,Drought impact area,KM2,Square kilometre,FR,France,2017,22530,
15_42,KM2,Drought impact area,KM2,Square kilometre,FR,France,2018,977,
15_42,KM2,Drought impact area,KM2,Square kilometre,FR,France,2019,52533,
15_42,KM2,Drought impact area,KM2,Square kilometre,FR,France,2020,41617,
15_42,KM2,Drought impact area,KM2,Square kilometre,FR,France,2021,1700,
15_42,KM2,Drought impact area,KM2,Square kilometre,FR,France,2022,240140,
15_42,KM2,Drought impact area,KM2,Square kilometre,FR,France,2023,10368,
15_42,KM2,Drought impact area,KM2,Square kilometre,HR,Croatia,2000,6305,
15_42,KM2,Drought impact area,KM2,Square kilometre,HR,Croatia,2001,16,
15_42,KM2,Drought impact area,KM2,Square kilometre,HR,Croatia,2002,60,
15_42,KM2,Drought impact area,KM2,Square kilometre,HR,Croatia,2003,18516,
15_42,KM2,Drought impact area,KM2,Square kilometre,HR,Croatia,2004,0,
15_42,KM2,Drought impact area,KM2,Square kilometre,HR,Croatia,2005,0,
15_42,KM2,Drought impact area,KM2,Square kilometre,HR,Croatia,2006,0,
15_42,KM2,Drought impact area,KM2,Square kilometre,HR,Croatia,2007,224,
15_42,KM2,Drought impact area,KM2,Square kilometre,HR,Croatia,2008,2,
15_42,KM2,Drought impact area,KM2,Square kilometre,HR,Croatia,2009,62,
15_42,KM2,Drought impact area,KM2,Square kilometre,HR,Croatia,2010,0,
15_42,KM2,Drought impact area,KM2,Square kilometre,HR,Croatia,2011,3741,
15_42,KM2,Drought impact area,KM2,Square kilometre,HR,Croatia,2012,18344,
15_42,KM2,Drought impact area,KM2,Square kilometre,HR,Croatia,2013,0,
15_42,KM2,Drought impact area,KM2,Square kilometre,HR,Croatia,2014,2,
15_42,KM2,Drought impact area,KM2,Square kilometre,HR,Croatia,2015,472,
15_42,KM2,Drought impact area,KM2,Square kilometre,HR,Croatia,2016,0,
15_42,KM2,Drought impact area,KM2,Square kilometre,HR,Croatia,2017,4637,
15_42,KM2,Drought impact area,KM2,Square kilometre,HR,Croatia,2018,14,
15_42,KM2,Drought impact area,KM2,Square kilometre,HR,Croatia,2019,37,
15_42,KM2,Drought impact area,KM2,Square kilometre,HR,Croatia,2020,1073,
15_42,KM2,Drought impact area,KM2,Square kilometre,HR,Croatia,2021,1725,
15_42,KM2,Drought impact area,KM2,Square kilometre,HR,Croatia,2022,17779,
15_42,KM2,Drought impact area,KM2,Square kilometre,HR,Croatia,2023,31,
15_42,KM2,Drought impact area,KM2,Square kilometre,IT,Italy,2000,17617,
15_42,KM2,Drought impact area,KM2,Square kilometre,IT,Italy,2001,14732,
15_42,KM2,Drought impact area,KM2,Square kilometre,IT,Italy,2002,26467,
15_42,KM2,Drought impact area,KM2,Square kilometre,IT,Italy,2003,12427,
15_42,KM2,Drought impact area,KM2,Square kilometre,IT,Italy,2004,726,
15_42,KM2,Drought impact area,KM2,Square kilometre,IT,Italy,2005,1782,
15_42,KM2,Drought impact area,KM2,Square kilometre,IT,Italy,2006,4980,
15_42,KM2,Drought impact area,KM2,Square kilometre,IT,Italy,2007,17228,
15_42,KM2,Drought impact area,KM2,Square kilometre,IT,Italy,2008,12114,
15_42,KM2,Drought impact area,KM2,Square kilometre,IT,Italy,2009,951,
15_42,KM2,Drought impact area,KM2,Square kilometre,IT,Italy,2010,864,
15_42,KM2,Drought impact area,KM2,Square kilometre,IT,Italy,2011,3893,
15_42,KM2,Drought impact area,KM2,Square kilometre,IT,Italy,2012,27877,
15_42,KM2,Drought impact area,KM2,Square kilometre,IT,Italy,2013,590,
15_42,KM2,Drought impact area,KM2,Square kilometre,IT,Italy,2014,663,
15_42,KM2,Drought impact area,KM2,Square kilometre,IT,Italy,2015,2342,
15_42,KM2,Drought impact area,KM2,Square kilometre,IT,Italy,2016,6543,
15_42,KM2,Drought impact area,KM2,Square kilometre,IT,Italy,2017,50081,
15_42,KM2,Drought impact area,KM2,Square kilometre,IT,Italy,2018,2401,
15_42,KM2,Drought impact area,KM2,Square kilometre,IT,Italy,2019,1730,
15_42,KM2,Drought impact area,KM2,Square kilometre,IT,Italy,2020,4729,
15_42,KM2,Drought impact area,KM2,Square kilometre,IT,Italy,2021,11187,
15_42,KM2,Drought impact area,KM2,Square kilometre,IT,Italy,2022,53925,
15_42,KM2,Drought impact area,KM2,Square kilometre,IT,Italy,2023,5432,
15_42,KM2,Drought impact area,KM2,Square kilometre,CY,Cyprus,2000,56,
15_42,KM2,Drought impact area,KM2,Square kilometre,CY,Cyprus,2001,0,
15_42,KM2,Drought impact area,KM2,Square kilometre,CY,Cyprus,2002,0,
15_42,KM2,Drought impact area,KM2,Square kilometre,CY,Cyprus,2003,0,
15_42,KM2,Drought impact area,KM2,Square kilometre,CY,Cyprus,2004,0,
15_42,KM2,Drought impact area,KM2,Square kilometre,CY,Cyprus,2005,0,
15_42,KM2,Drought impact area,KM2,Square kilometre,CY,Cyprus,2006,50,
15_42,KM2,Drought impact area,KM2,Square kilometre,CY,Cyprus,2007,5,
15_42,KM2,Drought impact area,KM2,Square kilometre,CY,Cyprus,2008,3712,
15_42,KM2,Drought impact area,KM2,Square kilometre,CY,Cyprus,2009,0,
15_42,KM2,Drought impact area,KM2,Square kilometre,CY,Cyprus,2010,0,
15_42,KM2,Drought impact area,KM2,Square kilometre,CY,Cyprus,2011,7,
15_42,KM2,Drought impact area,KM2,Square kilometre,CY,Cyprus,2012,0,
15_42,KM2,Drought impact area,KM2,Square kilometre,CY,Cyprus,2013,0,
15_42,KM2,Drought impact area,KM2,Square kilometre,CY,Cyprus,2014,4437,
15_42,KM2,Drought impact area,KM2,Square kilometre,CY,Cyprus,2015,0,
15_42,KM2,Drought impact area,KM2,Square kilometre,CY,Cyprus,2016,4214,
15_42,KM2,Drought impact area,KM2,Square kilometre,CY,Cyprus,2017,488,
15_42,KM2,Drought impact area,KM2,Square kilometre,CY,Cyprus,2018,593,
15_42,KM2,Drought impact area,KM2,Square kilometre,CY,Cyprus,2019,0,
15_42,KM2,Drought impact area,KM2,Square kilometre,CY,Cyprus,2020,2,
15_42,KM2,Drought impact area,KM2,Square kilometre,CY,Cyprus,2021,573,
15_42,KM2,Drought impact area,KM2,Square kilometre,CY,Cyprus,2022,251,
15_42,KM2,Drought impact area,KM2,Square kilometre,CY,Cyprus,2023,63,
15_42,KM2,Drought impact area,KM2,Square kilometre,LV,Latvia,2000,551,
15_42,KM2,Drought impact area,KM2,Square kilometre,LV,Latvia,2001,0,
15_42,KM2,Drought impact area,KM2,Square kilometre,LV,Latvia,2002,8855,
15_42,KM2,Drought impact area,KM2,Square kilometre,LV,Latvia,2003,7276,
15_42,KM2,Drought impact area,KM2,Square kilometre,LV,Latvia,2004,2,
15_42,KM2,Drought impact area,KM2,Square kilometre,LV,Latvia,2005,0,
15_42,KM2,Drought impact area,KM2,Square kilometre,LV,Latvia,2006,13925,
15_42,KM2,Drought impact area,KM2,Square kilometre,LV,Latvia,2007,1,
15_42,KM2,Drought impact area,KM2,Square kilometre,LV,Latvia,2008,65,
15_42,KM2,Drought impact area,KM2,Square kilometre,LV,Latvia,2009,2191,
15_42,KM2,Drought impact area,KM2,Square kilometre,LV,Latvia,2010,5215,
15_42,KM2,Drought impact area,KM2,Square kilometre,LV,Latvia,2011,12,
15_42,KM2,Drought impact area,KM2,Square kilometre,LV,Latvia,2012,4,
15_42,KM2,Drought impact area,KM2,Square kilometre,LV,Latvia,2013,43,
15_42,KM2,Drought impact area,KM2,Square kilometre,LV,Latvia,2014,273,
15_42,KM2,Drought impact area,KM2,Square kilometre,LV,Latvia,2015,256,
15_42,KM2,Drought impact area,KM2,Square kilometre,LV,Latvia,2016,559,
15_42,KM2,Drought impact area,KM2,Square kilometre,LV,Latvia,2017,37,
15_42,KM2,Drought impact area,KM2,Square kilometre,LV,Latvia,2018,4649,
15_42,KM2,Drought impact area,KM2,Square kilometre,LV,Latvia,2019,12118,
15_42,KM2,Drought impact area,KM2,Square kilometre,LV,Latvia,2020,1016,
15_42,KM2,Drought impact area,KM2,Square kilometre,LV,Latvia,2021,3053,
15_42,KM2,Drought impact area,KM2,Square kilometre,LV,Latvia,2022,625,
15_42,KM2,Drought impact area,KM2,Square kilometre,LV,Latvia,2023,6778,
15_42,KM2,Drought impact area,KM2,Square kilometre,LT,Lithuania,2000,10,
15_42,KM2,Drought impact area,KM2,Square kilometre,LT,Lithuania,2001,0,
15_42,KM2,Drought impact area,KM2,Square kilometre,LT,Lithuania,2002,14853,
15_42,KM2,Drought impact area,KM2,Square kilometre,LT,Lithuania,2003,2937,
15_42,KM2,Drought impact area,KM2,Square kilometre,LT,Lithuania,2004,0,
15_42,KM2,Drought impact area,KM2,Square kilometre,LT,Lithuania,2005,4,
15_42,KM2,Drought impact area,KM2,Square kilometre,LT,Lithuania,2006,3734,
15_42,KM2,Drought impact area,KM2,Square kilometre,LT,Lithuania,2007,0,
15_42,KM2,Drought impact area,KM2,Square kilometre,LT,Lithuania,2008,839,
15_42,KM2,Drought impact area,KM2,Square kilometre,LT,Lithuania,2009,1003,
15_42,KM2,Drought impact area,KM2,Square kilometre,LT,Lithuania,2010,236,
15_42,KM2,Drought impact area,KM2,Square kilometre,LT,Lithuania,2011,0,
15_42,KM2,Drought impact area,KM2,Square kilometre,LT,Lithuania,2012,16,
15_42,KM2,Drought impact area,KM2,Square kilometre,LT,Lithuania,2013,0,
15_42,KM2,Drought impact area,KM2,Square kilometre,LT,Lithuania,2014,0,
15_42,KM2,Drought impact area,KM2,Square kilometre,LT,Lithuania,2015,643,
15_42,KM2,Drought impact area,KM2,Square kilometre,LT,Lithuania,2016,53,
15_42,KM2,Drought impact area,KM2,Square kilometre,LT,Lithuania,2017,2,
15_42,KM2,Drought impact area,KM2,Square kilometre,LT,Lithuania,2018,9860,
15_42,KM2,Drought impact area,KM2,Square kilometre,LT,Lithuania,2019,31961,
15_42,KM2,Drought impact area,KM2,Square kilometre,LT,Lithuania,2020,2156,
15_42,KM2,Drought impact area,KM2,Square kilometre,LT,Lithuania,2021,1326,
15_42,KM2,Drought impact area,KM2,Square kilometre,LT,Lithuania,2022,14,
15_42,KM2,Drought impact area,KM2,Square kilometre,LT,Lithuania,2023,20378,
15_42,KM2,Drought impact area,KM2,Square kilometre,LU,Luxembourg,2000,0,
15_42,KM2,Drought impact area,KM2,Square kilometre,LU,Luxembourg,2001,0,
15_42,KM2,Drought impact area,KM2,Square kilometre,LU,Luxembourg,2002,0,
15_42,KM2,Drought impact area,KM2,Square kilometre,LU,Luxembourg,2003,0,
15_42,KM2,Drought impact area,KM2,Square kilometre,LU,Luxembourg,2004,0,
15_42,KM2,Drought impact area,KM2,Square kilometre,LU,Luxembourg,2005,0,
15_42,KM2,Drought impact area,KM2,Square kilometre,LU,Luxembourg,2006,0,
15_42,KM2,Drought impact area,KM2,Square kilometre,LU,Luxembourg,2007,0,
15_42,KM2,Drought impact area,KM2,Square kilometre,LU,Luxembourg,2008,0,
15_42,KM2,Drought impact area,KM2,Square kilometre,LU,Luxembourg,2009,0,
15_42,KM2,Drought impact area,KM2,Square kilometre,LU,Luxembourg,2010,0,
15_42,KM2,Drought impact area,KM2,Square kilometre,LU,Luxembourg,2011,582,
15_42,KM2,Drought impact area,KM2,Square kilometre,LU,Luxembourg,2012,0,
15_42,KM2,Drought impact area,KM2,Square kilometre,LU,Luxembourg,2013,0,
15_42,KM2,Drought impact area,KM2,Square kilometre,LU,Luxembourg,2014,0,
15_42,KM2,Drought impact area,KM2,Square kilometre,LU,Luxembourg,2015,0,
15_42,KM2,Drought impact area,KM2,Square kilometre,LU,Luxembourg,2016,0,
15_42,KM2,Drought impact area,KM2,Square kilometre,LU,Luxembourg,2017,185,
15_42,KM2,Drought impact area,KM2,Square kilometre,LU,Luxembourg,2018,332,
15_42,KM2,Drought impact area,KM2,Square kilometre,LU,Luxembourg,2019,441,
15_42,KM2,Drought impact area,KM2,Square kilometre,LU,Luxembourg,2020,1806,
15_42,KM2,Drought impact area,KM2,Square kilometre,LU,Luxembourg,2021,0,
15_42,KM2,Drought impact area,KM2,Square kilometre,LU,Luxembourg,2022,1824,
15_42,KM2,Drought impact area,KM2,Square kilometre,LU,Luxembourg,2023,3,
15_42,KM2,Drought impact area,KM2,Square kilometre,HU,Hungary,2000,2338,
15_42,KM2,Drought impact area,KM2,Square kilometre,HU,Hungary,2001,346,
15_42,KM2,Drought impact area,KM2,Square kilometre,HU,Hungary,2002,2545,
15_42,KM2,Drought impact area,KM2,Square kilometre,HU,Hungary,2003,13639,
15_42,KM2,Drought impact area,KM2,Square kilometre,HU,Hungary,2004,0,
15_42,KM2,Drought impact area,KM2,Square kilometre,HU,Hungary,2005,1,
15_42,KM2,Drought impact area,KM2,Square kilometre,HU,Hungary,2006,0,
15_42,KM2,Drought impact area,KM2,Square kilometre,HU,Hungary,2007,3650,
15_42,KM2,Drought impact area,KM2,Square kilometre,HU,Hungary,2008,0,
15_42,KM2,Drought impact area,KM2,Square kilometre,HU,Hungary,2009,103,
15_42,KM2,Drought impact area,KM2,Square kilometre,HU,Hungary,2010,0,
15_42,KM2,Drought impact area,KM2,Square kilometre,HU,Hungary,2011,186,
15_42,KM2,Drought impact area,KM2,Square kilometre,HU,Hungary,2012,39874,
15_42,KM2,Drought impact area,KM2,Square kilometre,HU,Hungary,2013,0,
15_42,KM2,Drought impact area,KM2,Square kilometre,HU,Hungary,2014,260,
15_42,KM2,Drought impact area,KM2,Square kilometre,HU,Hungary,2015,2844,
15_42,KM2,Drought impact area,KM2,Square kilometre,HU,Hungary,2016,0,
15_42,KM2,Drought impact area,KM2,Square kilometre,HU,Hungary,2017,1327,
15_42,KM2,Drought impact area,KM2,Square kilometre,HU,Hungary,2018,0,
15_42,KM2,Drought impact area,KM2,Square kilometre,HU,Hungary,2019,704,
15_42,KM2,Drought impact area,KM2,Square kilometre,HU,Hungary,2020,226,
15_42,KM2,Drought impact area,KM2,Square kilometre,HU,Hungary,2021,1622,
15_42,KM2,Drought impact area,KM2,Square kilometre,HU,Hungary,2022,23897,
15_42,KM2,Drought impact area,KM2,Square kilometre,HU,Hungary,2023,0,
15_42,KM2,Drought impact area,KM2,Square kilometre,MT,Malta,2000,0,
15_42,KM2,Drought impact area,KM2,Square kilometre,MT,Malta,2001,0,
15_42,KM2,Drought impact area,KM2,Square kilometre,MT,Malta,2002,5,
15_42,KM2,Drought impact area,KM2,Square kilometre,MT,Malta,2003,0,
15_42,KM2,Drought impact area,KM2,Square kilometre,MT,Malta,2004,0,
15_42,KM2,Drought impact area,KM2,Square kilometre,MT,Malta,2005,0,
15_42,KM2,Drought impact area,KM2,Square kilometre,MT,Malta,2006,0,
15_42,KM2,Drought impact area,KM2,Square kilometre,MT,Malta,2007,0,
15_42,KM2,Drought impact area,KM2,Square kilometre,MT,Malta,2008,0,
15_42,KM2,Drought impact area,KM2,Square kilometre,MT,Malta,2009,0,
15_42,KM2,Drought impact area,KM2,Square kilometre,MT,Malta,2010,106,
15_42,KM2,Drought impact area,KM2,Square kilometre,MT,Malta,2011,0,
15_42,KM2,Drought impact area,KM2,Square kilometre,MT,Malta,2012,0,
15_42,KM2,Drought impact area,KM2,Square kilometre,MT,Malta,2013,61,
15_42,KM2,Drought impact area,KM2,Square kilometre,MT,Malta,2014,0,
15_42,KM2,Drought impact area,KM2,Square kilometre,MT,Malta,2015,0,
15_42,KM2,Drought impact area,KM2,Square kilometre,MT,Malta,2016,212,
15_42,KM2,Drought impact area,KM2,Square kilometre,MT,Malta,2017,0,
15_42,KM2,Drought impact area,KM2,Square kilometre,MT,Malta,2018,49,
15_42,KM2,Drought impact area,KM2,Square kilometre,MT,Malta,2019,0,
15_42,KM2,Drought impact area,KM2,Square kilometre,MT,Malta,2020,0,
15_42,KM2,Drought impact area,KM2,Square kilometre,MT,Malta,2021,1,
15_42,KM2,Drought impact area,KM2,Square kilometre,MT,Malta,2022,0,
15_42,KM2,Drought impact area,KM2,Square kilometre,MT,Malta,2023,0,
15_42,KM2,Drought impact area,KM2,Square kilometre,NL,Netherlands,2000,0,
15_42,KM2,Drought impact area,KM2,Square kilometre,NL,Netherlands,2001,0,
15_42,KM2,Drought impact area,KM2,Square kilometre,NL,Netherlands,2002,0,
15_42,KM2,Drought impact area,KM2,Square kilometre,NL,Netherlands,2003,18,
15_42,KM2,Drought impact area,KM2,Square kilometre,NL,Netherlands,2004,1,
15_42,KM2,Drought impact area,KM2,Square kilometre,NL,Netherlands,2005,0,
15_42,KM2,Drought impact area,KM2,Square kilometre,NL,Netherlands,2006,0,
15_42,KM2,Drought impact area,KM2,Square kilometre,NL,Netherlands,2007,0,
15_42,KM2,Drought impact area,KM2,Square kilometre,NL,Netherlands,2008,0,
15_42,KM2,Drought impact area,KM2,Square kilometre,NL,Netherlands,2009,0,
15_42,KM2,Drought impact area,KM2,Square kilometre,NL,Netherlands,2010,0,
15_42,KM2,Drought impact area,KM2,Square kilometre,NL,Netherlands,2011,2,
15_42,KM2,Drought impact area,KM2,Square kilometre,NL,Netherlands,2012,0,
15_42,KM2,Drought impact area,KM2,Square kilometre,NL,Netherlands,2013,0,
15_42,KM2,Drought impact area,KM2,Square kilometre,NL,Netherlands,2014,4,
15_42,KM2,Drought impact area,KM2,Square kilometre,NL,Netherlands,2015,0,
15_42,KM2,Drought impact area,KM2,Square kilometre,NL,Netherlands,2016,1,
15_42,KM2,Drought impact area,KM2,Square kilometre,NL,Netherlands,2017,25,
15_42,KM2,Drought impact area,KM2,Square kilometre,NL,Netherlands,2018,9032,
15_42,KM2,Drought impact area,KM2,Square kilometre,NL,Netherlands,2019,1754,
15_42,KM2,Drought impact area,KM2,Square kilometre,NL,Netherlands,2020,5758,
15_42,KM2,Drought impact area,KM2,Square kilometre,NL,Netherlands,2021,0,
15_42,KM2,Drought impact area,KM2,Square kilometre,NL,Netherlands,2022,6088,
15_42,KM2,Drought impact area,KM2,Square kilometre,NL,Netherlands,2023,0,
15_42,KM2,Drought impact area,KM2,Square kilometre,AT,Austria,2000,4671,
15_42,KM2,Drought impact area,KM2,Square kilometre,AT,Austria,2001,6203,
15_42,KM2,Drought impact area,KM2,Square kilometre,AT,Austria,2002,2850,
15_42,KM2,Drought impact area,KM2,Square kilometre,AT,Austria,2003,23665,
15_42,KM2,Drought impact area,KM2,Square kilometre,AT,Austria,2004,1183,
15_42,KM2,Drought impact area,KM2,Square kilometre,AT,Austria,2005,420,
15_42,KM2,Drought impact area,KM2,Square kilometre,AT,Austria,2006,579,
15_42,KM2,Drought impact area,KM2,Square kilometre,AT,Austria,2007,2880,
15_42,KM2,Drought impact area,KM2,Square kilometre,AT,Austria,2008,25,
15_42,KM2,Drought impact area,KM2,Square kilometre,AT,Austria,2009,75,
15_42,KM2,Drought impact area,KM2,Square kilometre,AT,Austria,2010,1045,
15_42,KM2,Drought impact area,KM2,Square kilometre,AT,Austria,2011,1133,
15_42,KM2,Drought impact area,KM2,Square kilometre,AT,Austria,2012,2352,
15_42,KM2,Drought impact area,KM2,Square kilometre,AT,Austria,2013,4,
15_42,KM2,Drought impact area,KM2,Square kilometre,AT,Austria,2014,25,
15_42,KM2,Drought impact area,KM2,Square kilometre,AT,Austria,2015,4521,
15_42,KM2,Drought impact area,KM2,Square kilometre,AT,Austria,2016,125,
15_42,KM2,Drought impact area,KM2,Square kilometre,AT,Austria,2017,2400,
15_42,KM2,Drought impact area,KM2,Square kilometre,AT,Austria,2018,5785,
15_42,KM2,Drought impact area,KM2,Square kilometre,AT,Austria,2019,1920,
15_42,KM2,Drought impact area,KM2,Square kilometre,AT,Austria,2020,214,
15_42,KM2,Drought impact area,KM2,Square kilometre,AT,Austria,2021,2203,
15_42,KM2,Drought impact area,KM2,Square kilometre,AT,Austria,2022,7919,
15_42,KM2,Drought impact area,KM2,Square kilometre,AT,Austria,2023,59,
15_42,KM2,Drought impact area,KM2,Square kilometre,PL,Poland,2000,6753,
15_42,KM2,Drought impact area,KM2,Square kilometre,PL,Poland,2001,23,
15_42,KM2,Drought impact area,KM2,Square kilometre,PL,Poland,2002,4640,
15_42,KM2,Drought impact area,KM2,Square kilometre,PL,Poland,2003,42568,
15_42,KM2,Drought impact area,KM2,Square kilometre,PL,Poland,2004,3933,
15_42,KM2,Drought impact area,KM2,Square kilometre,PL,Poland,2005,2159,
15_42,KM2,Drought impact area,KM2,Square kilometre,PL,Poland,2006,13887,
15_42,KM2,Drought impact area,KM2,Square kilometre,PL,Poland,2007,229,
15_42,KM2,Drought impact area,KM2,Square kilometre,PL,Poland,2008,0,
15_42,KM2,Drought impact area,KM2,Square kilometre,PL,Poland,2009,28,
15_42,KM2,Drought impact area,KM2,Square kilometre,PL,Poland,2010,8,
15_42,KM2,Drought impact area,KM2,Square kilometre,PL,Poland,2011,0,
15_42,KM2,Drought impact area,KM2,Square kilometre,PL,Poland,2012,19155,
15_42,KM2,Drought impact area,KM2,Square kilometre,PL,Poland,2013,328,
15_42,KM2,Drought impact area,KM2,Square kilometre,PL,Poland,2014,370,
15_42,KM2,Drought impact area,KM2,Square kilometre,PL,Poland,2015,55247,
15_42,KM2,Drought impact area,KM2,Square kilometre,PL,Poland,2016,9572,
15_42,KM2,Drought impact area,KM2,Square kilometre,PL,Poland,2017,2207,
15_42,KM2,Drought impact area,KM2,Square kilometre,PL,Poland,2018,16679,
15_42,KM2,Drought impact area,KM2,Square kilometre,PL,Poland,2019,44565,
15_42,KM2,Drought impact area,KM2,Square kilometre,PL,Poland,2020,7903,
15_42,KM2,Drought impact area,KM2,Square kilometre,PL,Poland,2021,5602,
15_42,KM2,Drought impact area,KM2,Square kilometre,PL,Poland,2022,21987,
15_42,KM2,Drought impact area,KM2,Square kilometre,PL,Poland,2023,24459,
15_42,KM2,Drought impact area,KM2,Square kilometre,PT,Portugal,2000,0,
15_42,KM2,Drought impact area,KM2,Square kilometre,PT,Portugal,2001,2,
15_42,KM2,Drought impact area,KM2,Square kilometre,PT,Portugal,2002,2771,
15_42,KM2,Drought impact area,KM2,Square kilometre,PT,Portugal,2003,0,
15_42,KM2,Drought impact area,KM2,Square kilometre,PT,Portugal,2004,0,
15_42,KM2,Drought impact area,KM2,Square kilometre,PT,Portugal,2005,55433,
15_42,KM2,Drought impact area,KM2,Square kilometre,PT,Portugal,2006,4,
15_42,KM2,Drought impact area,KM2,Square kilometre,PT,Portugal,2007,0,
15_42,KM2,Drought impact area,KM2,Square kilometre,PT,Portugal,2008,237,
15_42,KM2,Drought impact area,KM2,Square kilometre,PT,Portugal,2009,13239,
15_42,KM2,Drought impact area,KM2,Square kilometre,PT,Portugal,2010,2,
15_42,KM2,Drought impact area,KM2,Square kilometre,PT,Portugal,2011,2128,
15_42,KM2,Drought impact area,KM2,Square kilometre,PT,Portugal,2012,31891,
15_42,KM2,Drought impact area,KM2,Square kilometre,PT,Portugal,2013,11,
15_42,KM2,Drought impact area,KM2,Square kilometre,PT,Portugal,2014,62,
15_42,KM2,Drought impact area,KM2,Square kilometre,PT,Portugal,2015,3306,
15_42,KM2,Drought impact area,KM2,Square kilometre,PT,Portugal,2016,0,
15_42,KM2,Drought impact area,KM2,Square kilometre,PT,Portugal,2017,1509,
15_42,KM2,Drought impact area,KM2,Square kilometre,PT,Portugal,2018,25,
15_42,KM2,Drought impact area,KM2,Square kilometre,PT,Portugal,2019,2841,
15_42,KM2,Drought impact area,KM2,Square kilometre,PT,Portugal,2020,11,
15_42,KM2,Drought impact area,KM2,Square kilometre,PT,Portugal,2021,13,
15_42,KM2,Drought impact area,KM2,Square kilometre,PT,Portugal,2022,38843,
15_42,KM2,Drought impact area,KM2,Square kilometre,PT,Portugal,2023,6115,
15_42,KM2,Drought impact area,KM2,Square kilometre,RO,Romania,2000,28602,
15_42,KM2,Drought impact area,KM2,Square kilometre,RO,Romania,2001,2726,
15_42,KM2,Drought impact area,KM2,Square kilometre,RO,Romania,2002,4778,
15_42,KM2,Drought impact area,KM2,Square kilometre,RO,Romania,2003,31990,
15_42,KM2,Drought impact area,KM2,Square kilometre,RO,Romania,2004,1275,
15_42,KM2,Drought impact area,KM2,Square kilometre,RO,Romania,2005,0,
15_42,KM2,Drought impact area,KM2,Square kilometre,RO,Romania,2006,1,
15_42,KM2,Drought impact area,KM2,Square kilometre,RO,Romania,2007,15143,
15_42,KM2,Drought impact area,KM2,Square kilometre,RO,Romania,2008,845,
15_42,KM2,Drought impact area,KM2,Square kilometre,RO,Romania,2009,2480,
15_42,KM2,Drought impact area,KM2,Square kilometre,RO,Romania,2010,0,
15_42,KM2,Drought impact area,KM2,Square kilometre,RO,Romania,2011,244,
15_42,KM2,Drought impact area,KM2,Square kilometre,RO,Romania,2012,39937,
15_42,KM2,Drought impact area,KM2,Square kilometre,RO,Romania,2013,2247,
15_42,KM2,Drought impact area,KM2,Square kilometre,RO,Romania,2014,906,
15_42,KM2,Drought impact area,KM2,Square kilometre,RO,Romania,2015,1975,
15_42,KM2,Drought impact area,KM2,Square kilometre,RO,Romania,2016,211,
15_42,KM2,Drought impact area,KM2,Square kilometre,RO,Romania,2017,2565,
15_42,KM2,Drought impact area,KM2,Square kilometre,RO,Romania,2018,85,
15_42,KM2,Drought impact area,KM2,Square kilometre,RO,Romania,2019,519,
15_42,KM2,Drought impact area,KM2,Square kilometre,RO,Romania,2020,28295,
15_42,KM2,Drought impact area,KM2,Square kilometre,RO,Romania,2021,1815,
15_42,KM2,Drought impact area,KM2,Square kilometre,RO,Romania,2022,34971,
15_42,KM2,Drought impact area,KM2,Square kilometre,RO,Romania,2023,2982,
15_42,KM2,Drought impact area,KM2,Square kilometre,SI,Slovenia,2000,1526,
15_42,KM2,Drought impact area,KM2,Square kilometre,SI,Slovenia,2001,0,
15_42,KM2,Drought impact area,KM2,Square kilometre,SI,Slovenia,2002,121,
15_42,KM2,Drought impact area,KM2,Square kilometre,SI,Slovenia,2003,7582,
15_42,KM2,Drought impact area,KM2,Square kilometre,SI,Slovenia,2004,0,
15_42,KM2,Drought impact area,KM2,Square kilometre,SI,Slovenia,2005,0,
15_42,KM2,Drought impact area,KM2,Square kilometre,SI,Slovenia,2006,1,
15_42,KM2,Drought impact area,KM2,Square kilometre,SI,Slovenia,2007,24,
15_42,KM2,Drought impact area,KM2,Square kilometre,SI,Slovenia,2008,0,
15_42,KM2,Drought impact area,KM2,Square kilometre,SI,Slovenia,2009,0,
15_42,KM2,Drought impact area,KM2,Square kilometre,SI,Slovenia,2010,2,
15_42,KM2,Drought impact area,KM2,Square kilometre,SI,Slovenia,2011,628,
15_42,KM2,Drought impact area,KM2,Square kilometre,SI,Slovenia,2012,3129,
15_42,KM2,Drought impact area,KM2,Square kilometre,SI,Slovenia,2013,2,
15_42,KM2,Drought impact area,KM2,Square kilometre,SI,Slovenia,2014,0,
15_42,KM2,Drought impact area,KM2,Square kilometre,SI,Slovenia,2015,55,
15_42,KM2,Drought impact area,KM2,Square kilometre,SI,Slovenia,2016,32,
15_42,KM2,Drought impact area,KM2,Square kilometre,SI,Slovenia,2017,1529,
15_42,KM2,Drought impact area,KM2,Square kilometre,SI,Slovenia,2018,46,
15_42,KM2,Drought impact area,KM2,Square kilometre,SI,Slovenia,2019,59,
15_42,KM2,Drought impact area,KM2,Square kilometre,SI,Slovenia,2020,139,
15_42,KM2,Drought impact area,KM2,Square kilometre,SI,Slovenia,2021,1127,
15_42,KM2,Drought impact area,KM2,Square kilometre,SI,Slovenia,2022,11197,
15_42,KM2,Drought impact area,KM2,Square kilometre,SI,Slovenia,2023,53,
15_42,KM2,Drought impact area,KM2,Square kilometre,SK,Slovakia,2000,811,
15_42,KM2,Drought impact area,KM2,Square kilometre,SK,Slovakia,2001,0,
15_42,KM2,Drought impact area,KM2,Square kilometre,SK,Slovakia,2002,142,
15_42,KM2,Drought impact area,KM2,Square kilometre,SK,Slovakia,2003,7423,
15_42,KM2,Drought impact area,KM2,Square kilometre,SK,Slovakia,2004,18,
15_42,KM2,Drought impact area,KM2,Square kilometre,SK,Slovakia,2005,0,
15_42,KM2,Drought impact area,KM2,Square kilometre,SK,Slovakia,2006,10,
15_42,KM2,Drought impact area,KM2,Square kilometre,SK,Slovakia,2007,531,
15_42,KM2,Drought impact area,KM2,Square kilometre,SK,Slovakia,2008,0,
15_42,KM2,Drought impact area,KM2,Square kilometre,SK,Slovakia,2009,168,
15_42,KM2,Drought impact area,KM2,Square kilometre,SK,Slovakia,2010,0,
15_42,KM2,Drought impact area,KM2,Square kilometre,SK,Slovakia,2011,0,
15_42,KM2,Drought impact area,KM2,Square kilometre,SK,Slovakia,2012,13965,
15_42,KM2,Drought impact area,KM2,Square kilometre,SK,Slovakia,2013,627,
15_42,KM2,Drought impact area,KM2,Square kilometre,SK,Slovakia,2014,376,
15_42,KM2,Drought impact area,KM2,Square kilometre,SK,Slovakia,2015,3617,
15_42,KM2,Drought impact area,KM2,Square kilometre,SK,Slovakia,2016,285,
15_42,KM2,Drought impact area,KM2,Square kilometre,SK,Slovakia,2017,2991,
15_42,KM2,Drought impact area,KM2,Square kilometre,SK,Slovakia,2018,684,
15_42,KM2,Drought impact area,KM2,Square kilometre,SK,Slovakia,2019,184,
15_42,KM2,Drought impact area,KM2,Square kilometre,SK,Slovakia,2020,8,
15_42,KM2,Drought impact area,KM2,Square kilometre,SK,Slovakia,2021,292,
15_42,KM2,Drought impact area,KM2,Square kilometre,SK,Slovakia,2022,9864,
15_42,KM2,Drought impact area,KM2,Square kilometre,SK,Slovakia,2023,327,
15_42,KM2,Drought impact area,KM2,Square kilometre,FI,Finland,2000,0,
15_42,KM2,Drought impact area,KM2,Square kilometre,FI,Finland,2001,0,
15_42,KM2,Drought impact area,KM2,Square kilometre,FI,Finland,2002,5592,
15_42,KM2,Drought impact area,KM2,Square kilometre,FI,Finland,2003,23512,
15_42,KM2,Drought impact area,KM2,Square kilometre,FI,Finland,2004,127,
15_42,KM2,Drought impact area,KM2,Square kilometre,FI,Finland,2005,21,
15_42,KM2,Drought impact area,KM2,Square kilometre,FI,Finland,2006,37923,
15_42,KM2,Drought impact area,KM2,Square kilometre,FI,Finland,2007,95,
15_42,KM2,Drought impact area,KM2,Square kilometre,FI,Finland,2008,0,
15_42,KM2,Drought impact area,KM2,Square kilometre,FI,Finland,2009,1379,
15_42,KM2,Drought impact area,KM2,Square kilometre,FI,Finland,2010,997,
15_42,KM2,Drought impact area,KM2,Square kilometre,FI,Finland,2011,4687,
15_42,KM2,Drought impact area,KM2,Square kilometre,FI,Finland,2012,26,
15_42,KM2,Drought impact area,KM2,Square kilometre,FI,Finland,2013,265,
15_42,KM2,Drought impact area,KM2,Square kilometre,FI,Finland,2014,2849,
15_42,KM2,Drought impact area,KM2,Square kilometre,FI,Finland,2015,936,
15_42,KM2,Drought impact area,KM2,Square kilometre,FI,Finland,2016,485,
15_42,KM2,Drought impact area,KM2,Square kilometre,FI,Finland,2017,1593,
15_42,KM2,Drought impact area,KM2,Square kilometre,FI,Finland,2018,25981,
15_42,KM2,Drought impact area,KM2,Square kilometre,FI,Finland,2019,20552,
15_42,KM2,Drought impact area,KM2,Square kilometre,FI,Finland,2020,8763,
15_42,KM2,Drought impact area,KM2,Square kilometre,FI,Finland,2021,36498,
15_42,KM2,Drought impact area,KM2,Square kilometre,FI,Finland,2022,4081,
15_42,KM2,Drought impact area,KM2,Square kilometre,FI,Finland,2023,6378,
15_42,KM2,Drought impact area,KM2,Square kilometre,SE,Sweden,2000,31,
15_42,KM2,Drought impact area,KM2,Square kilometre,SE,Sweden,2001,16,
15_42,KM2,Drought impact area,KM2,Square kilometre,SE,Sweden,2002,3649,
15_42,KM2,Drought impact area,KM2,Square kilometre,SE,Sweden,2003,14376,
15_42,KM2,Drought impact area,KM2,Square kilometre,SE,Sweden,2004,4029,
15_42,KM2,Drought impact area,KM2,Square kilometre,SE,Sweden,2005,1030,
15_42,KM2,Drought impact area,KM2,Square kilometre,SE,Sweden,2006,10126,
15_42,KM2,Drought impact area,KM2,Square kilometre,SE,Sweden,2007,1962,
15_42,KM2,Drought impact area,KM2,Square kilometre,SE,Sweden,2008,2395,
15_42,KM2,Drought impact area,KM2,Square kilometre,SE,Sweden,2009,5478,
15_42,KM2,Drought impact area,KM2,Square kilometre,SE,Sweden,2010,5065,
15_42,KM2,Drought impact area,KM2,Square kilometre,SE,Sweden,2011,1329,
15_42,KM2,Drought impact area,KM2,Square kilometre,SE,Sweden,2012,45,
15_42,KM2,Drought impact area,KM2,Square kilometre,SE,Sweden,2013,794,
15_42,KM2,Drought impact area,KM2,Square kilometre,SE,Sweden,2014,3671,
15_42,KM2,Drought impact area,KM2,Square kilometre,SE,Sweden,2015,6330,
15_42,KM2,Drought impact area,KM2,Square kilometre,SE,Sweden,2016,7760,
15_42,KM2,Drought impact area,KM2,Square kilometre,SE,Sweden,2017,16569,
15_42,KM2,Drought impact area,KM2,Square kilometre,SE,Sweden,2018,60702,
15_42,KM2,Drought impact area,KM2,Square kilometre,SE,Sweden,2019,25535,
15_42,KM2,Drought impact area,KM2,Square kilometre,SE,Sweden,2020,16605,
15_42,KM2,Drought impact area,KM2,Square kilometre,SE,Sweden,2021,23885,
15_42,KM2,Drought impact area,KM2,Square kilometre,SE,Sweden,2022,10625,
15_42,KM2,Drought impact area,KM2,Square kilometre,SE,Sweden,2023,12602,
15_42,KM2,Drought impact area,KM2,Square kilometre,IS,Iceland,2000,714,
15_42,KM2,Drought impact area,KM2,Square kilometre,IS,Iceland,2001,1,
15_42,KM2,Drought impact area,KM2,Square kilometre,IS,Iceland,2002,35,
15_42,KM2,Drought impact area,KM2,Square kilometre,IS,Iceland,2003,0,
15_42,KM2,Drought impact area,KM2,Square kilometre,IS,Iceland,2004,0,
15_42,KM2,Drought impact area,KM2,Square kilometre,IS,Iceland,2005,55,
15_42,KM2,Drought impact area,KM2,Square kilometre,IS,Iceland,2006,4,
15_42,KM2,Drought impact area,KM2,Square kilometre,IS,Iceland,2007,24,
15_42,KM2,Drought impact area,KM2,Square kilometre,IS,Iceland,2008,42,
15_42,KM2,Drought impact area,KM2,Square kilometre,IS,Iceland,2009,11,
15_42,KM2,Drought impact area,KM2,Square kilometre,IS,Iceland,2010,0,
15_42,KM2,Drought impact area,KM2,Square kilometre,IS,Iceland,2011,68,
15_42,KM2,Drought impact area,KM2,Square kilometre,IS,Iceland,2012,144,
15_42,KM2,Drought impact area,KM2,Square kilometre,IS,Iceland,2013,176,
15_42,KM2,Drought impact area,KM2,Square kilometre,IS,Iceland,2014,136,
15_42,KM2,Drought impact area,KM2,Square kilometre,IS,Iceland,2015,600,
15_42,KM2,Drought impact area,KM2,Square kilometre,IS,Iceland,2016,63,
15_42,KM2,Drought impact area,KM2,Square kilometre,IS,Iceland,2017,1190,
15_42,KM2,Drought impact area,KM2,Square kilometre,IS,Iceland,2018,2872,
15_42,KM2,Drought impact area,KM2,Square kilometre,IS,Iceland,2019,4813,
15_42,KM2,Drought impact area,KM2,Square kilometre,IS,Iceland,2020,226,
15_42,KM2,Drought impact area,KM2,Square kilometre,IS,Iceland,2021,6496,
15_42,KM2,Drought impact area,KM2,Square kilometre,IS,Iceland,2022,812,
15_42,KM2,Drought impact area,KM2,Square kilometre,IS,Iceland,2023,2716,
15_42,KM2,Drought impact area,KM2,Square kilometre,LI,Liechtenstein,2000,0,
15_42,KM2,Drought impact area,KM2,Square kilometre,LI,Liechtenstein,2001,0,
15_42,KM2,Drought impact area,KM2,Square kilometre,LI,Liechtenstein,2002,0,
15_42,KM2,Drought impact area,KM2,Square kilometre,LI,Liechtenstein,2003,0,
15_42,KM2,Drought impact area,KM2,Square kilometre,LI,Liechtenstein,2004,0,
15_42,KM2,Drought impact area,KM2,Square kilometre,LI,Liechtenstein,2005,0,
15_42,KM2,Drought impact area,KM2,Square kilometre,LI,Liechtenstein,2006,0,
15_42,KM2,Drought impact area,KM2,Square kilometre,LI,Liechtenstein,2007,0,
15_42,KM2,Drought impact area,KM2,Square kilometre,LI,Liechtenstein,2008,0,
15_42,KM2,Drought impact area,KM2,Square kilometre,LI,Liechtenstein,2009,0,
15_42,KM2,Drought impact area,KM2,Square kilometre,LI,Liechtenstein,2010,0,
15_42,KM2,Drought impact area,KM2,Square kilometre,LI,Liechtenstein,2011,8,
15_42,KM2,Drought impact area,KM2,Square kilometre,LI,Liechtenstein,2012,0,
15_42,KM2,Drought impact area,KM2,Square kilometre,LI,Liechtenstein,2013,0,
15_42,KM2,Drought impact area,KM2,Square kilometre,LI,Liechtenstein,2014,0,
15_42,KM2,Drought impact area,KM2,Square kilometre,LI,Liechtenstein,2015,1,
15_42,KM2,Drought impact area,KM2,Square kilometre,LI,Liechtenstein,2016,0,
15_42,KM2,Drought impact area,KM2,Square kilometre,LI,Liechtenstein,2017,10,
15_42,KM2,Drought impact area,KM2,Square kilometre,LI,Liechtenstein,2018,40,
15_42,KM2,Drought impact area,KM2,Square kilometre,LI,Liechtenstein,2019,2,
15_42,KM2,Drought impact area,KM2,Square kilometre,LI,Liechtenstein,2020,4,
15_42,KM2,Drought impact area,KM2,Square kilometre,LI,Liechtenstein,2021,0,
15_42,KM2,Drought impact area,KM2,Square kilometre,LI,Liechtenstein,2022,0,
15_42,KM2,Drought impact area,KM2,Square kilometre,LI,Liechtenstein,2023,0,
15_42,KM2,Drought impact area,KM2,Square kilometre,NO,Norway,2000,87,
15_42,KM2,Drought impact area,KM2,Square kilometre,NO,Norway,2001,87,
15_42,KM2,Drought impact area,KM2,Square kilometre,NO,Norway,2002,5252,
15_42,KM2,Drought impact area,KM2,Square kilometre,NO,Norway,2003,4356,
15_42,KM2,Drought impact area,KM2,Square kilometre,NO,Norway,2004,294,
15_42,KM2,Drought impact area,KM2,Square kilometre,NO,Norway,2005,487,
15_42,KM2,Drought impact area,KM2,Square kilometre,NO,Norway,2006,2487,
15_42,KM2,Drought impact area,KM2,Square kilometre,NO,Norway,2007,9,
15_42,KM2,Drought impact area,KM2,Square kilometre,NO,Norway,2008,2832,
15_42,KM2,Drought impact area,KM2,Square kilometre,NO,Norway,2009,439,
15_42,KM2,Drought impact area,KM2,Square kilometre,NO,Norway,2010,1235,
15_42,KM2,Drought impact area,KM2,Square kilometre,NO,Norway,2011,2620,
15_42,KM2,Drought impact area,KM2,Square kilometre,NO,Norway,2012,826,
15_42,KM2,Drought impact area,KM2,Square kilometre,NO,Norway,2013,3030,
15_42,KM2,Drought impact area,KM2,Square kilometre,NO,Norway,2014,16764,
15_42,KM2,Drought impact area,KM2,Square kilometre,NO,Norway,2015,4592,
15_42,KM2,Drought impact area,KM2,Square kilometre,NO,Norway,2016,2002,
15_42,KM2,Drought impact area,KM2,Square kilometre,NO,Norway,2017,1081,
15_42,KM2,Drought impact area,KM2,Square kilometre,NO,Norway,2018,15987,
15_42,KM2,Drought impact area,KM2,Square kilometre,NO,Norway,2019,6456,
15_42,KM2,Drought impact area,KM2,Square kilometre,NO,Norway,2020,2958,
15_42,KM2,Drought impact area,KM2,Square kilometre,NO,Norway,2021,24138,
15_42,KM2,Drought impact area,KM2,Square kilometre,NO,Norway,2022,3488,
15_42,KM2,Drought impact area,KM2,Square kilometre,NO,Norway,2023,6799,
15_42,KM2,Drought impact area,KM2,Square kilometre,CH,Switzerland,2000,0,
15_42,KM2,Drought impact area,KM2,Square kilometre,CH,Switzerland,2001,2,
15_42,KM2,Drought impact area,KM2,Square kilometre,CH,Switzerland,2002,3,
15_42,KM2,Drought impact area,KM2,Square kilometre,CH,Switzerland,2003,1481,
15_42,KM2,Drought impact area,KM2,Square kilometre,CH,Switzerland,2004,37,
15_42,KM2,Drought impact area,KM2,Square kilometre,CH,Switzerland,2005,62,
15_42,KM2,Drought impact area,KM2,Square kilometre,CH,Switzerland,2006,228,
15_42,KM2,Drought impact area,KM2,Square kilometre,CH,Switzerland,2007,15,
15_42,KM2,Drought impact area,KM2,Square kilometre,CH,Switzerland,2008,3,
15_42,KM2,Drought impact area,KM2,Square kilometre,CH,Switzerland,2009,443,
15_42,KM2,Drought impact area,KM2,Square kilometre,CH,Switzerland,2010,321,
15_42,KM2,Drought impact area,KM2,Square kilometre,CH,Switzerland,2011,2312,
15_42,KM2,Drought impact area,KM2,Square kilometre,CH,Switzerland,2012,308,
15_42,KM2,Drought impact area,KM2,Square kilometre,CH,Switzerland,2013,51,
15_42,KM2,Drought impact area,KM2,Square kilometre,CH,Switzerland,2014,2,
15_42,KM2,Drought impact area,KM2,Square kilometre,CH,Switzerland,2015,498,
15_42,KM2,Drought impact area,KM2,Square kilometre,CH,Switzerland,2016,66,
15_42,KM2,Drought impact area,KM2,Square kilometre,CH,Switzerland,2017,1763,
15_42,KM2,Drought impact area,KM2,Square kilometre,CH,Switzerland,2018,4796,
15_42,KM2,Drought impact area,KM2,Square kilometre,CH,Switzerland,2019,2201,
15_42,KM2,Drought impact area,KM2,Square kilometre,CH,Switzerland,2020,1954,
15_42,KM2,Drought impact area,KM2,Square kilometre,CH,Switzerland,2021,457,
15_42,KM2,Drought impact area,KM2,Square kilometre,CH,Switzerland,2022,6317,
15_42,KM2,Drought impact area,KM2,Square kilometre,CH,Switzerland,2023,1451,
15_42,KM2,Drought impact area,KM2,Square kilometre,BA,Bosnia and Herzegovina,2000,19178,
15_42,KM2,Drought impact area,KM2,Square kilometre,BA,Bosnia and Herzegovina,2001,110,
15_42,KM2,Drought impact area,KM2,Square kilometre,BA,Bosnia and Herzegovina,2002,281,
15_42,KM2,Drought impact area,KM2,Square kilometre,BA,Bosnia and Herzegovina,2003,20418,
15_42,KM2,Drought impact area,KM2,Square kilometre,BA,Bosnia and Herzegovina,2004,0,
15_42,KM2,Drought impact area,KM2,Square kilometre,BA,Bosnia and Herzegovina,2005,0,
15_42,KM2,Drought impact area,KM2,Square kilometre,BA,Bosnia and Herzegovina,2006,0,
15_42,KM2,Drought impact area,KM2,Square kilometre,BA,Bosnia and Herzegovina,2007,276,
15_42,KM2,Drought impact area,KM2,Square kilometre,BA,Bosnia and Herzegovina,2008,1,
15_42,KM2,Drought impact area,KM2,Square kilometre,BA,Bosnia and Herzegovina,2009,18,
15_42,KM2,Drought impact area,KM2,Square kilometre,BA,Bosnia and Herzegovina,2010,0,
15_42,KM2,Drought impact area,KM2,Square kilometre,BA,Bosnia and Herzegovina,2011,564,
15_42,KM2,Drought impact area,KM2,Square kilometre,BA,Bosnia and Herzegovina,2012,8291,
15_42,KM2,Drought impact area,KM2,Square kilometre,BA,Bosnia and Herzegovina,2013,640,
15_42,KM2,Drought impact area,KM2,Square kilometre,BA,Bosnia and Herzegovina,2014,0,
15_42,KM2,Drought impact area,KM2,Square kilometre,BA,Bosnia and Herzegovina,2015,625,
15_42,KM2,Drought impact area,KM2,Square kilometre,BA,Bosnia and Herzegovina,2016,0,
15_42,KM2,Drought impact area,KM2,Square kilometre,BA,Bosnia and Herzegovina,2017,2189,
15_42,KM2,Drought impact area,KM2,Square kilometre,BA,Bosnia and Herzegovina,2018,0,
15_42,KM2,Drought impact area,KM2,Square kilometre,BA,Bosnia and Herzegovina,2019,18,
15_42,KM2,Drought impact area,KM2,Square kilometre,BA,Bosnia and Herzegovina,2020,886,
15_42,KM2,Drought impact area,KM2,Square kilometre,BA,Bosnia and Herzegovina,2021,6338,
15_42,KM2,Drought impact area,KM2,Square kilometre,BA,Bosnia and Herzegovina,2022,24979,
15_42,KM2,Drought impact area,KM2,Square kilometre,BA,Bosnia and Herzegovina,2023,590,
15_42,KM2,Drought impact area,KM2,Square kilometre,ME,Montenegro,2000,2058,
15_42,KM2,Drought impact area,KM2,Square kilometre,ME,Montenegro,2001,0,
15_42,KM2,Drought impact area,KM2,Square kilometre,ME,Montenegro,2002,0,
15_42,KM2,Drought impact area,KM2,Square kilometre,ME,Montenegro,2003,1050,
15_42,KM2,Drought impact area,KM2,Square kilometre,ME,Montenegro,2004,0,
15_42,KM2,Drought impact area,KM2,Square kilometre,ME,Montenegro,2005,0,
15_42,KM2,Drought impact area,KM2,Square kilometre,ME,Montenegro,2006,0,
15_42,KM2,Drought impact area,KM2,Square kilometre,ME,Montenegro,2007,24,
15_42,KM2,Drought impact area,KM2,Square kilometre,ME,Montenegro,2008,0,
15_42,KM2,Drought impact area,KM2,Square kilometre,ME,Montenegro,2009,0,
15_42,KM2,Drought impact area,KM2,Square kilometre,ME,Montenegro,2010,0,
15_42,KM2,Drought impact area,KM2,Square kilometre,ME,Montenegro,2011,483,
15_42,KM2,Drought impact area,KM2,Square kilometre,ME,Montenegro,2012,4274,
15_42,KM2,Drought impact area,KM2,Square kilometre,ME,Montenegro,2013,1,
15_42,KM2,Drought impact area,KM2,Square kilometre,ME,Montenegro,2014,0,
15_42,KM2,Drought impact area,KM2,Square kilometre,ME,Montenegro,2015,447,
15_42,KM2,Drought impact area,KM2,Square kilometre,ME,Montenegro,2016,0,
15_42,KM2,Drought impact area,KM2,Square kilometre,ME,Montenegro,2017,1236,
15_42,KM2,Drought impact area,KM2,Square kilometre,ME,Montenegro,2018,6,
15_42,KM2,Drought impact area,KM2,Square kilometre,ME,Montenegro,2019,21,
15_42,KM2,Drought impact area,KM2,Square kilometre,ME,Montenegro,2020,136,
15_42,KM2,Drought impact area,KM2,Square kilometre,ME,Montenegro,2021,2692,
15_42,KM2,Drought impact area,KM2,Square kilometre,ME,Montenegro,2022,3576,
15_42,KM2,Drought impact area,KM2,Square kilometre,ME,Montenegro,2023,4,
15_42,KM2,Drought impact area,KM2,Square kilometre,MK,North Macedonia,2000,8552,
15_42,KM2,Drought impact area,KM2,Square kilometre,MK,North Macedonia,2001,9126,
15_42,KM2,Drought impact area,KM2,Square kilometre,MK,North Macedonia,2002,214,
15_42,KM2,Drought impact area,KM2,Square kilometre,MK,North Macedonia,2003,42,
15_42,KM2,Drought impact area,KM2,Square kilometre,MK,North Macedonia,2004,0,
15_42,KM2,Drought impact area,KM2,Square kilometre,MK,North Macedonia,2005,0,
15_42,KM2,Drought impact area,KM2,Square kilometre,MK,North Macedonia,2006,0,
15_42,KM2,Drought impact area,KM2,Square kilometre,MK,North Macedonia,2007,907,
15_42,KM2,Drought impact area,KM2,Square kilometre,MK,North Macedonia,2008,0,
15_42,KM2,Drought impact area,KM2,Square kilometre,MK,North Macedonia,2009,0,
15_42,KM2,Drought impact area,KM2,Square kilometre,MK,North Macedonia,2010,0,
15_42,KM2,Drought impact area,KM2,Square kilometre,MK,North Macedonia,2011,1,
15_42,KM2,Drought impact area,KM2,Square kilometre,MK,North Macedonia,2012,745,
15_42,KM2,Drought impact area,KM2,Square kilometre,MK,North Macedonia,2013,0,
15_42,KM2,Drought impact area,KM2,Square kilometre,MK,North Macedonia,2014,0,
15_42,KM2,Drought impact area,KM2,Square kilometre,MK,North Macedonia,2015,0,
15_42,KM2,Drought impact area,KM2,Square kilometre,MK,North Macedonia,2016,0,
15_42,KM2,Drought impact area,KM2,Square kilometre,MK,North Macedonia,2017,8268,
15_42,KM2,Drought impact area,KM2,Square kilometre,MK,North Macedonia,2018,0,
15_42,KM2,Drought impact area,KM2,Square kilometre,MK,North Macedonia,2019,533,
15_42,KM2,Drought impact area,KM2,Square kilometre,MK,North Macedonia,2020,0,
15_42,KM2,Drought impact area,KM2,Square kilometre,MK,North Macedonia,2021,2697,
15_42,KM2,Drought impact area,KM2,Square kilometre,MK,North Macedonia,2022,720,
15_42,KM2,Drought impact area,KM2,Square kilometre,MK,North Macedonia,2023,0,
15_42,KM2,Drought impact area,KM2,Square kilometre,AL,Albania,2000,2266,
15_42,KM2,Drought impact area,KM2,Square kilometre,AL,Albania,2001,512,
15_42,KM2,Drought impact area,KM2,Square kilometre,AL,Albania,2002,34,
15_42,KM2,Drought impact area,KM2,Square kilometre,AL,Albania,2003,2814,
15_42,KM2,Drought impact area,KM2,Square kilometre,AL,Albania,2004,0,
15_42,KM2,Drought impact area,KM2,Square kilometre,AL,Albania,2005,0,
15_42,KM2,Drought impact area,KM2,Square kilometre,AL,Albania,2006,0,
15_42,KM2,Drought impact area,KM2,Square kilometre,AL,Albania,2007,2063,
15_42,KM2,Drought impact area,KM2,Square kilometre,AL,Albania,2008,792,
15_42,KM2,Drought impact area,KM2,Square kilometre,AL,Albania,2009,0,
15_42,KM2,Drought impact area,KM2,Square kilometre,AL,Albania,2010,0,
15_42,KM2,Drought impact area,KM2,Square kilometre,AL,Albania,2011,313,
15_42,KM2,Drought impact area,KM2,Square kilometre,AL,Albania,2012,670,
15_42,KM2,Drought impact area,KM2,Square kilometre,AL,Albania,2013,0,
15_42,KM2,Drought impact area,KM2,Square kilometre,AL,Albania,2014,0,
15_42,KM2,Drought impact area,KM2,Square kilometre,AL,Albania,2015,585,
15_42,KM2,Drought impact area,KM2,Square kilometre,AL,Albania,2016,1,
15_42,KM2,Drought impact area,KM2,Square kilometre,AL,Albania,2017,4757,
15_42,KM2,Drought impact area,KM2,Square kilometre,AL,Albania,2018,32,
15_42,KM2,Drought impact area,KM2,Square kilometre,AL,Albania,2019,396,
15_42,KM2,Drought impact area,KM2,Square kilometre,AL,Albania,2020,662,
15_42,KM2,Drought impact area,KM2,Square kilometre,AL,Albania,2021,4006,
15_42,KM2,Drought impact area,KM2,Square kilometre,AL,Albania,2022,5417,
15_42,KM2,Drought impact area,KM2,Square kilometre,AL,Albania,2023,45,
15_42,KM2,Drought impact area,KM2,Square kilometre,RS,Serbia,2000,33894,
15_42,KM2,Drought impact area,KM2,Square kilometre,RS,Serbia,2001,4188,
15_42,KM2,Drought impact area,KM2,Square kilometre,RS,Serbia,2002,422,
15_42,KM2,Drought impact area,KM2,Square kilometre,RS,Serbia,2003,6870,
15_42,KM2,Drought impact area,KM2,Square kilometre,RS,Serbia,2004,0,
15_42,KM2,Drought impact area,KM2,Square kilometre,RS,Serbia,2005,0,
15_42,KM2,Drought impact area,KM2,Square kilometre,RS,Serbia,2006,0,
15_42,KM2,Drought impact area,KM2,Square kilometre,RS,Serbia,2007,5254,
15_42,KM2,Drought impact area,KM2,Square kilometre,RS,Serbia,2008,0,
15_42,KM2,Drought impact area,KM2,Square kilometre,RS,Serbia,2009,1,
15_42,KM2,Drought impact area,KM2,Square kilometre,RS,Serbia,2010,0,
15_42,KM2,Drought impact area,KM2,Square kilometre,RS,Serbia,2011,396,
15_42,KM2,Drought impact area,KM2,Square kilometre,RS,Serbia,2012,14813,
15_42,KM2,Drought impact area,KM2,Square kilometre,RS,Serbia,2013,1030,
15_42,KM2,Drought impact area,KM2,Square kilometre,RS,Serbia,2014,5,
15_42,KM2,Drought impact area,KM2,Square kilometre,RS,Serbia,2015,267,
15_42,KM2,Drought impact area,KM2,Square kilometre,RS,Serbia,2016,0,
15_42,KM2,Drought impact area,KM2,Square kilometre,RS,Serbia,2017,2106,
15_42,KM2,Drought impact area,KM2,Square kilometre,RS,Serbia,2018,4,
15_42,KM2,Drought impact area,KM2,Square kilometre,RS,Serbia,2019,29,
15_42,KM2,Drought impact area,KM2,Square kilometre,RS,Serbia,2020,454,
15_42,KM2,Drought impact area,KM2,Square kilometre,RS,Serbia,2021,3994,
15_42,KM2,Drought impact area,KM2,Square kilometre,RS,Serbia,2022,11842,
15_42,KM2,Drought impact area,KM2,Square kilometre,RS,Serbia,2023,31,
15_42,KM2,Drought impact area,KM2,Square kilometre,TR,Türkiye,2000,37477,
15_42,KM2,Drought impact area,KM2,Square kilometre,TR,Türkiye,2001,41379,
15_42,KM2,Drought impact area,KM2,Square kilometre,TR,Türkiye,2002,11,
15_42,KM2,Drought impact area,KM2,Square kilometre,TR,Türkiye,2003,12153,
15_42,KM2,Drought impact area,KM2,Square kilometre,TR,Türkiye,2004,1915,
15_42,KM2,Drought impact area,KM2,Square kilometre,TR,Türkiye,2005,380,
15_42,KM2,Drought impact area,KM2,Square kilometre,TR,Türkiye,2006,3869,
15_42,KM2,Drought impact area,KM2,Square kilometre,TR,Türkiye,2007,90081,
15_42,KM2,Drought impact area,KM2,Square kilometre,TR,Türkiye,2008,92644,
15_42,KM2,Drought impact area,KM2,Square kilometre,TR,Türkiye,2009,1593,
15_42,KM2,Drought impact area,KM2,Square kilometre,TR,Türkiye,2010,4793,
15_42,KM2,Drought impact area,KM2,Square kilometre,TR,Türkiye,2011,80,
15_42,KM2,Drought impact area,KM2,Square kilometre,TR,Türkiye,2012,1014,
15_42,KM2,Drought impact area,KM2,Square kilometre,TR,Türkiye,2013,5439,
15_42,KM2,Drought impact area,KM2,Square kilometre,TR,Türkiye,2014,37411,
15_42,KM2,Drought impact area,KM2,Square kilometre,TR,Türkiye,2015,201,
15_42,KM2,Drought impact area,KM2,Square kilometre,TR,Türkiye,2016,16899,
15_42,KM2,Drought impact area,KM2,Square kilometre,TR,Türkiye,2017,53864,
15_42,KM2,Drought impact area,KM2,Square kilometre,TR,Türkiye,2018,6021,
15_42,KM2,Drought impact area,KM2,Square kilometre,TR,Türkiye,2019,14621,
15_42,KM2,Drought impact area,KM2,Square kilometre,TR,Türkiye,2020,23372,
15_42,KM2,Drought impact area,KM2,Square kilometre,TR,Türkiye,2021,155982,
15_42,KM2,Drought impact area,KM2,Square kilometre,TR,Türkiye,2022,60185,
15_42,KM2,Drought impact area,KM2,Square kilometre,TR,Türkiye,2023,15735,
15_42,KM2,Drought impact area,KM2,Square kilometre,XK,Kosovo,2000,1776,
15_42,KM2,Drought impact area,KM2,Square kilometre,XK,Kosovo,2001,319,
15_42,KM2,Drought impact area,KM2,Square kilometre,XK,Kosovo,2002,3,
15_42,KM2,Drought impact area,KM2,Square kilometre,XK,Kosovo,2003,360,
15_42,KM2,Drought impact area,KM2,Square kilometre,XK,Kosovo,2004,0,
15_42,KM2,Drought impact area,KM2,Square kilometre,XK,Kosovo,2005,0,
15_42,KM2,Drought impact area,KM2,Square kilometre,XK,Kosovo,2006,0,
15_42,KM2,Drought impact area,KM2,Square kilometre,XK,Kosovo,2007,56,
15_42,KM2,Drought impact area,KM2,Square kilometre,XK,Kosovo,2008,0,
15_42,KM2,Drought impact area,KM2,Square kilometre,XK,Kosovo,2009,0,
15_42,KM2,Drought impact area,KM2,Square kilometre,XK,Kosovo,2010,0,
15_42,KM2,Drought impact area,KM2,Square kilometre,XK,Kosovo,2011,103,
15_42,KM2,Drought impact area,KM2,Square kilometre,XK,Kosovo,2012,1356,
15_42,KM2,Drought impact area,KM2,Square kilometre,XK,Kosovo,2013,1,
15_42,KM2,Drought impact area,KM2,Square kilometre,XK,Kosovo,2014,0,
15_42,KM2,Drought impact area,KM2,Square kilometre,XK,Kosovo,2015,74,
15_42,KM2,Drought impact area,KM2,Square kilometre,XK,Kosovo,2016,0,
15_42,KM2,Drought impact area,KM2,Square kilometre,XK,Kosovo,2017,38,
15_42,KM2,Drought impact area,KM2,Square kilometre,XK,Kosovo,2018,0,
15_42,KM2,Drought impact area,KM2,Square kilometre,XK,Kosovo,2019,829,
15_42,KM2,Drought impact area,KM2,Square kilometre,XK,Kosovo,2020,348,
15_42,KM2,Drought impact area,KM2,Square kilometre,XK,Kosovo,2021,1652,
15_42,KM2,Drought impact area,KM2,Square kilometre,XK,Kosovo,2022,1446,
15_42,KM2,Drought impact area,KM2,Square kilometre,XK,Kosovo,2023,0,
